<?xml version="1.0" encoding="UTF-8" standalone="yes"?>
	<addon id="plugin.video.RodrigosKaraoke" name="Rodrigo's Karaoke" version="1.0.0" provider-name="Rodrigo">
		<requires>
			<import addon="xbmc.python" version="2.0"/>
            <import addon="script.module.buggalo" version="1.1.5" />
			<import addon="xbmc.addon" version="12.0.0"/> 
		</requires>
		<extension point="xbmc.python.pluginsource" library="Default.py">
			<provides>video</provides>
		</extension>
		<extension point="xbmc.addon.metadata">
			<summary lang="en">Rodrigo's Karaoke</summary>
			<description lang="en">Rodrigo's Karaoke</description>
			<license>GPL 3.0</license>
			<platform>all</platform>
		</extension>
	</addon>
