<?xml version="1.0" encoding="UTF-8" standalone="yes"?>
	<addon id="repository.Rodrigo" name="Rodrigo's Repository" version="1.0.0" provider-name="Rodrigo">
		<extension point="xbmc.addon.repository" name="Rodrigo's addon repository">
			<info compressed="false">http://github.com/Rodrigoke/XBMC.repo/raw/master/addons.xml</info>
			<checksum>http://github.com/Rodrigoke/XBMC.repo/raw/master/addons.xml.md5</checksum>
			<datadir zip="true">http://github.com/Rodrigoke/XBMC.repo/raw/master/zips/</datadir>
		</extension>
		<extension point="xbmc.addon.metadata">
			<summary>Rodrigo's Addon Repository</summary>
			<description>Addons developed by Rodrigo - Powered by XBMCHUB.COM</description>
			<platform>all</platform>
		</extension>
	</addon>