<?xml version="1.0" encoding="UTF-8" standalone="yes"?>
	<addon 
        id="repository.Rodrigo" 
        name="Rodrigo's Repository" 
        version="1.0.1" 
        provider-name="Rodrigo">
		<extension point="xbmc.addon.repository" name="Rodrigo's addon repository">
			<info compressed="false">http://github.com/Rodrigoke/XBMC.repo/raw/master/addons.xml</info>
			<checksum>http://github.com/Rodrigoke/XBMC.repo/raw/master/addons.xml.md5</checksum>
			<datadir zip="true">http://github.com/Rodrigoke/XBMC.repo/raw/master/zips</datadir>
		</extension>
		<extension point="xbmc.addon.metadata">
			<summary lang="en">Rodrigo's Addon Repository</summary>
			<description lang="en">Addons developed by Rodrigo.[CR]For support, please visit the XBMCHUB forums.[CR][CR]Powered by [COLOR blue][B]XBMCHUB[/B].com[/COLOR]</description>
            <disclaimer lang="en">For bugs, requests or general questions contact Rodrigo on the XBMCHUB forum.</disclaimer>
            <platform>all</platform>
			<license>GNU GENERAL PUBLIC LICENSE. Version 3, June 2007</license>
            <language>en</language>
            <forum>http://www.xbmchub.com/forums/</forum>
            <website>http://www.xbmchub.com/</website>
            <email></email>
            <source>https://github.com/rodrigoke/XBMC.repo/tree/master/repository.Rodrigo</source>
		</extension>
	</addon>