<?xml version="1.0" encoding="UTF-8" standalone="yes"?>
	<addon
        id="plugin.audio.XBMCmp3" 
        name="XBMC MP3 addon" 
        version="0.1.2" 
        provider-name="Rodrigo">
		<requires>
			<import addon="xbmc.python"             	version="2.1.0"/>
			<import addon="script.module.buggalo"   	version="1.1.5" />
			<import addon="xbmc.addon"              	version="12.1.0"/>
		</requires>
		<extension point="xbmc.python.pluginsource" library="default.py">
			<provides>audio</provides>
		</extension>
		<extension point="xbmc.addon.metadata">
			<summary lang="en">XBMC MP3 Addon</summary>
			<description lang="en">XBMC MP3 stream/download addon developed by Rodrigo.[CR]For support, please visit the XBMCHUB forums.[CR][CR]Powered by [COLOR blue][B]XBMCHUB[/B].com[/COLOR]</description>
			<disclaimer lang="en">For bugs, requests or general questions contact Rodrigo on the XBMCHUB forum.</disclaimer>
			<platform>all</platform>
			<license>GNU GENERAL PUBLIC LICENSE. Version 3, June 2007</license>
			<language>en</language>
			<forum>http://www.xbmchub.com/forums/rodrigos-xbmc-repo/14496-%5Bbeta-release%5D-xbmc-mp3-addon-search-stream-live-mp3s.html</forum>
			<website>http://www.xbmchub.com/</website>
			<email></email>
			<source>https://github.com/rodrigoke/XBMC.repo/tree/master/plugin.audio.XBMCmp3</source>
		</extension>
	</addon>
